SVVL-0001,Villa,52.0,10.0,19,Xyzz,Xyzz,4,35.0,7
SVVL-0001,Villa,52.0,10.0,19,Xyzz,Xyzz,4,35.0,7
SVVL-0001,Villa,52.0,10.0,19,Xyzz,Xyzz,4,35.0,7
SVVL-0001,Villa,52.0,10.0,19,Xyzz,Xyzz,4,35.0,7
SVVL-0001,Villa,52.0,10.0,19,Xyzz,Xyzz,4,35.0,7
SVVL-0001,Villa,52.0,10.0,19,Xyzz,Xyzz,4,35.0,7
SVVL-0001,Villa,52.0,10.0,19,Xyzz,Xyzz,4,35.0,7
SVVL-0001,Villa,52.0,10.0,19,Xyzz,Xyzz,4,35.0,7
SVVL-0001,Villa,52.0,10.0,19,Xyzz,Xyzz,4,35.0,7
SVVL-0001,Villa,52.0,10.0,19,Xyzz,Xyzz,4,35.0,7
SVVL-0001,Villa,52.0,10.0,19,Xyzz,Xyzz,4,35.0,7
SVVL-0001,Villa,100.0,10.0,5,Vip,Vip,Adsds,150.0,2
SVVL-0001,Na,35.0,15.0,19,Az,Az,aaa,52.0,1
